Animals,Plants,Average_Energy,Average_Lifetime,Average_Children
31,2,92.54838709677419,0.0,0.06451612903225806
33,3,85.06060606060606,0.0,0.18181818181818182
