Animals,Plants,Average_Energy,Average_Lifetime,Average_Children
31,2,92.54838709677419,0.0,0.06451612903225806
32,4,86.1875,0.0,0.125
