Animals,Plants,Average_Energy,Average_Lifetime,Average_Children
32,2,88.375,0.0,0.125
34,4,78.58823529411765,0.0,0.23529411764705882
